Date,Open,High,Low,Close,Volume,BBANDS_upperband,BBANDS_middleband,BBANDS_lowerband,MA_SHORT,MA_LONG,MIDPOINT,MACD_macd,MACD_macdsignal,MACD_macdhist,RSI,STOCH_slowk,STOCH_slowd,STOCHRSI_fastk,STOCHRSI_fastd,OBV,ATR,STDDEV,_CLOSE_PCT_CHANGE,ma_diff,GCDC_times,BUYSELL,SimulateAsset,Profit,Coin,JPY,Songiri,GachihoAsset,GachihoProfit
2021-12-02 09:00:00+09:00,1713.751,1713.94,1646.0,1671.581,82501.2906,,,,,,,,,,,,,,,82501.2906,,,-0.0029814977931275077,,1,0,267158.1,0.0,100,100000,False,267158.1,0.0
2021-12-02 10:00:00+09:00,1670.0,1690.0,1669.413,1679.772,32362.052,,,,,,,,,,,,,,,114863.34259999999,,,-0.012545819396380331,,1,0,267977.19999999995,819.0999999999767,100,100000,False,267977.19999999995,819.0999999999767
2021-12-02 11:00:00+09:00,1679.886,1680.054,1661.073,1665.338,19264.8379,,,,,,,,,,,,,,,95598.50469999999,,,0.01400947306098288,,1,0,266533.8,-624.2999999999884,100,100000,False,266533.8,-624.2999999999884
2021-12-02 12:00:00+09:00,1670.0,1672.798,1623.909,1647.499,53520.1188,,,,,,,,,,,,,,,42078.385899999994,,,0.03281730656334392,,1,1,264749.9,-2408.1999999999534,100,99600,False,264749.9,-2408.1999999999534
2021-12-02 13:00:00+09:00,1645.6,1662.76,1640.875,1655.0,13827.1711,35.01910117493321,12.020499999999629,-10.978101174933954,12.020499999999629,,,,,,,,,,,55905.55699999999,,11.499300587466765,0.023499729766088384,,1,0,265501.82118471694,-1656.2788152830326,100,99600,False,265500.0,-1658.0999999999767
2021-12-02 14:00:00+09:00,1653.61,1666.969,1652.42,1666.612,20778.8609,25.13100851080003,3.149699999999484,-18.83160851080106,3.149699999999484,,,,,,,,,,,76684.4179,,10.990654255400242,0.01664887726136377,,1,0,266665.8404884009,-492.25951159908436,100,99600,False,266661.2,-496.8999999999651
2021-12-02 15:00:00+09:00,1666.268,1666.268,1646.966,1658.959,11099.9019,16.089736782515047,2.064599999999473,-11.960536782516101,2.064599999999473,,,,,,,,,,,65584.516,,7.012568391257756,0.010993799928460724,,1,0,265898.6823992609,-1259.4176007390488,100,99600,False,265895.9,-1262.1999999999534
2021-12-02 16:00:00+09:00,1659.931,1689.0,1659.931,1689.0,22000.1824,17.356952911202825,-11.051500000000487,-39.4599529112038,-11.051500000000487,,,,,,,,,,,87584.69840000001,,14.204226455601647,0.00449128266789256,,1,0,268910.07612144225,1751.976121442276,100,99600,False,268900.0,1741.9000000000233
2021-12-02 17:00:00+09:00,1689.986,1705.71,1678.92,1703.4,24682.5644,19.474993921458918,-17.72080000000051,-54.916593921459935,-17.72080000000051,,,,,,,86.28825076556996,71.94206166482807,,,112267.26280000001,,18.597896960729752,-0.010463523595575008,,1,0,270353.5723299377,3195.4723299377365,100,99600,False,270340.0,3181.9000000000233
2021-12-02 18:00:00+09:00,1703.0,1706.6,1683.812,1694.828,35116.0032,21.266970642797787,-12.646200000000363,-46.55937064279851,-12.646200000000363,,,,,,,92.23223101499086,84.73350181900565,,,77151.25960000002,,16.95658532139904,0.004272369426003175,,1,0,269494.2911147139,2336.1911147139035,100,99600,False,269482.8,2324.7000000000116
2021-12-02 19:00:00+09:00,1693.633,1700.0,1679.888,1694.829,19024.2056,28.91327059182754,-1.7408000000004904,-32.39487059182852,-1.7408000000004904,,,,,,,85.65265113326792,88.05771097127622,,,96175.46520000002,,15.32703529591407,-0.005860694119839582,,1,0,269494.39135750616,2336.291357506183,100,99600,False,269482.9,2324.8000000000466
2021-12-02 20:00:00+09:00,1694.68,1695.789,1669.17,1677.4,21358.8298,26.5714304178764,9.411899999999832,-7.747630417876735,9.411899999999832,,,,,,,65.98418121917044,81.28968778914306,,,74816.63540000003,,8.579765208938305,0.0006523701291929473,,1,0,267747.25973126537,589.1597312653903,100,99600,False,267740.0,581.9000000000233
2021-12-02 21:00:00+09:00,1676.803,1696.902,1661.049,1696.62,11826.4722,31.65497337677516,14.439899999999398,-2.7751733767763653,14.439899999999398,,,,,,,65.26115072481248,72.29932769241692,,,86643.10760000003,,8.607536688387938,0.011799899701726235,,1,0,269673.92619843775,2515.826198437775,100,99600,False,269662.0,2503.9000000000233
2021-12-02 22:00:00+09:00,1695.923,1696.548,1669.324,1685.761,14576.3,21.56992212546993,6.9515999999994165,-7.666722125471097,6.9515999999994165,,-7.486499999999978,,,,,56.59115686867384,62.612162937552235,,,72066.80760000003,,7.309161062735209,0.008088811585470701,,1,0,268585.389717323,1427.2897173230303,100,99600,False,268576.1,1418.0
2021-12-02 23:00:00+09:00,1685.125,1704.127,1674.939,1702.1,9430.2539,19.27388916657378,1.808999999999969,-15.655889166573843,1.808999999999969,,-14.08349999999973,,,,58.28910701772494,75.87878422786942,65.91036394045189,,,81497.06150000003,25.944571428571408,8.732444583286954,-0.012985328049296418,,1,0,270223.25670000404,3065.156700004067,100,99600,False,270210.0,3051.9000000000233
2021-12-03 00:00:00+09:00,1703.058,1710.73,1669.772,1684.954,11901.85,16.789079912771967,-0.8840000000002419,-18.55707991277245,-0.8840000000002419,,-14.801499999999805,,,,52.97549356739849,65.88761569354715,66.1191855966968,,,69595.21150000002,27.016959183673457,8.836539956386138,0.004723116453527965,,1,0,268504.49378397194,1346.3937839719583,100,99600,False,268495.4,1337.3000000000466
2021-12-03 01:00:00+09:00,1684.572,1686.967,1660.907,1678.495,7091.2409,32.7410725952127,15.649000000000115,-1.4430725952124703,15.649000000000115,,1.5125000000002728,,,,51.08622576847118,59.57084457060142,67.11241483067265,,,62503.97060000002,26.94860495626822,8.546036297606305,0.010905703116437127,,1,0,267857.02558878635,698.9255887863692,100,99600,False,267849.5,691.4000000000233
2021-12-03 02:00:00+09:00,1678.427,1719.638,1678.08,1716.879,7271.2548,22.757634268809397,-5.221199999999953,-33.200034268809304,-5.221199999999953,,-12.919499999999971,,,,60.1756578819724,59.573420775036276,61.67729367972827,,,69775.22540000002,27.992133173677633,13.989417134404631,-0.014008118542772952,,1,0,271704.74492676475,4546.6449267647695,100,99600,False,271687.9,4529.800000000047
2021-12-03 03:00:00+09:00,1711.979,1712.242,1689.287,1699.508,3404.1863,22.65065925413319,-4.377300000000105,-31.405259254133398,-4.377300000000105,,-12.84550000000013,,,,55.17837689079356,65.44278717054475,61.52901750539414,,,66371.03910000002,27.963552232700653,13.513979627066616,-0.015440963394705687,,1,0,269963.4273824749,2805.327382474905,100,99600,False,269950.80000000005,2792.70000000007
2021-12-03 04:00:00+09:00,1701.784,1703.862,1677.679,1680.281,2278.4224,30.16238728991698,1.2528999999994994,-27.65658728991798,1.2528999999994994,,-2.8515000000002146,,,,50.20833413836743,64.67169524328443,63.22930106295514,,,64092.61670000002,27.836369930364892,14.454743644958704,-0.01200470503490525,,1,0,268036.0592157567,877.9592157567386,100,99600,False,268028.1,870.0
2021-12-03 05:00:00+09:00,1677.702,1692.95,1676.956,1692.95,3648.8515,36.70947214242642,8.669599999999946,-19.37027214242653,8.669599999999946,,12.186500000000024,,,,53.19960807256716,51.0905654594679,60.40168262443235,30.01080341269071,25.010593401484353,67741.46820000002,26.990486363910268,14.019936071213289,-0.019113303102156864,,1,0,269306.0351508559,2147.9351508559193,100,99600,False,269295.0,2136.9000000000233
2021-12-03 06:00:00+09:00,1693.055,1698.259,1689.083,1697.002,2329.9119,27.264307291320847,3.6529999999997926,-19.958307291321262,3.6529999999997926,,3.468499999999949,,,,54.148388930099266,44.83751497874831,53.5332585605002,39.52971623159903,23.180173214763244,70071.38010000002,25.718023052202387,11.805653645660497,-0.0215525051483898,,1,0,269712.2189450798,2554.1189450797974,100,99600,False,269700.19999999995,2542.0999999999767
2021-12-03 07:00:00+09:00,1696.331,1698.259,1690.201,1693.161,18092.4667,11.59550865814822,-1.6496000000004187,-14.894708658149057,-1.6496000000004187,,2.90949999999998,,,,53.05048253164962,49.14986155162211,48.35931399661276,57.18559245581533,42.24203736670169,51978.91340000002,24.456592834187934,6.6225543290743065,-0.029117674767741075,,1,0,269327.1863800221,2169.0863800221123,100,99600,False,269316.1,2158.0
2021-12-03 08:00:00+09:00,1692.982,1693.47,1670.012,1673.665,17472.9631,23.45887948738232,5.670799999999417,-12.117279487383485,5.670799999999417,,13.530999999999949,,,,47.7574254752963,34.560797228182786,42.849391252851056,0.0,32.238436229138124,34505.95030000002,24.385264774603087,8.894039743691467,-0.012746581144862601,,1,0,267372.8529021869,214.75290218694136,100,99600,False,267366.5,208.40000000002328
2021-12-03 09:00:00+09:00,1676.133,1677.163,1654.0,1660.349,26408.7154,46.09434601717817,17.843899999999394,-10.40654601717938,17.843899999999394,,23.032500000000027,,,,44.492193729193126,23.68718750584237,35.79928209521574,0.0,19.061864151938444,8097.234900000018,24.297960147845725,14.1252230085894,0.004286067252935011,,1,0,266038.01988049765,-1120.0801195023232,100,99600,False,266034.9,-1123.1999999999534
2021-12-03 10:00:00+09:00,1658.897,1661.199,1658.897,1661.199,227.075,48.00176087582054,17.02719999999931,-13.947360875821914,17.02719999999931,,28.56600000000003,,,,44.75186300343725,13.800817151811145,24.01626729527875,2.689146903531501,0.8963823011771671,8324.309900000018,22.726820137285326,15.487280437910648,0.007291143779132314,,1,0,266123.2262539158,-1034.8737460841658,100,99600,False,266119.9,-1038.1999999999534
2021-12-03 11:00:00+09:00,1661.199,1661.199,1661.199,1661.199,0.0,33.98035304788323,8.715599999999313,-16.5491530478846,8.715599999999313,,27.414999999999964,,,,44.75186300343726,15.62544717835173,17.704483945335067,3.0341260997128168,1.9077576677481058,8324.309900000018,21.103475841764947,12.632376523941936,-0.0001324520057146561,,1,0,266123.2262539158,-1034.8737460841658,100,99600,False,266119.9,-1038.1999999999534
2021-12-03 12:00:00+09:00,1659.918,1660.508,1645.2,1645.255,16753.5975,25.514664904253323,7.479399999999487,-10.55586490425435,7.479399999999487,,28.212999999999965,,,,40.618201444908806,10.881726330647409,13.435996886936744,0.0,1.9077576677481058,-8429.287599999981,20.738870424496024,9.01763245212693,0.007148029690422941,,1,0,264524.95517417614,-2633.144825823838,100,99600,False,264525.5,-2632.5999999999767
2021-12-03 13:00:00+09:00,1645.254,1655.812,1643.72,1652.6,13780.1789,19.000839727055563,6.354399999999259,-6.292039727057045,6.354399999999259,,31.30099999999993,,,,43.22014157692497,14.310734169355735,13.605969226118274,62.94516605134059,21.99309738368447,5350.891300000019,20.1212368227463,6.323219863528166,0.00446982566475107,,1,0,265261.238483301,-1896.861516698962,100,99600,False,265260.0,-1898.0999999999767
2021-12-03 14:00:00+09:00,1652.618,1670.426,1646.819,1667.496,10780.7731,14.450774941210284,-1.0727000000006228,-16.59617494121153,-1.0727000000006228,,22.444500000000062,,,,48.1793186763393,38.56508896959023,21.25251648986444,100.0,54.31505535044687,16131.66440000002,20.37021990683585,7.761737470605454,0.004361117745402376,,1,0,266754.4551167558,-403.644883244182,100,99600,False,266749.6,-408.5
2021-12-03 15:00:00+09:00,1670.516,1678.902,1664.533,1673.4,9667.2744,8.458874454437591,-11.727500000000873,-31.913874454439338,-11.727500000000873,,9.349500000000035,,,,50.041765010641825,66.64754854386725,39.84112389427105,100.0,87.6483886837802,25798.938800000018,19.94156134206187,10.093187227219241,0.004855595828885617,,1,0,267346.2885622389,188.18856223893818,100,99600,False,267340.0,181.90000000002328
2021-12-03 16:00:00+09:00,1673.323,1673.323,1660.002,1660.979,4241.079,13.460098365887006,-6.716500000001133,-26.893098365889273,-6.716500000001133,,5.719000000000051,,,,46.27376911901801,74.14877981644146,59.78713910996629,60.01516978857758,86.67172326285919,21557.85980000002,19.474164103343178,10.088299182944073,0.005251094926357114,,1,0,266101.17283961934,-1056.927160380641,100,99600,False,266097.9,-1060.1999999999534
2021-12-03 17:00:00+09:00,1663.236,1663.529,1657.1,1657.1,6660.8855,16.78109084128846,2.0004999999987376,-12.780090841290985,2.0004999999987376,,10.814000000000078,,,,45.130891789763815,57.149489322191215,65.98193922749995,28.01019773965659,62.67512250941138,14896.97430000002,18.5423666673901,7.3902954206448666,0.012304029878235201,,1,0,265712.33104845585,-1445.7689515441307,100,99600,False,265710.0,-1448.0999999999767
2021-12-03 18:00:00+09:00,1657.674,1664.028,1652.661,1660.02,11083.1936,17.217385769179145,5.454499999998461,-6.308385769182223,5.454499999998461,,12.783999999999878,-4.512493271048243,-1.4641597291809678,-3.048333541867275,46.207929133416215,42.74451611916829,58.014261752600305,21.93168699760971,36.65235150861462,25980.167900000022,18.029840476862237,5.8814428845903075,-0.00885349435899685,,1,0,266005.0400018452,-1153.0599981547566,100,99600,False,266002.0,-1156.0999999999767
2021-12-03 19:00:00+09:00,1660.831,1690.713,1660.831,1674.8,28860.431,4.174974291117678,-10.512200000001258,-25.199374291120193,-10.512200000001258,,-4.643499999999904,-3.5818415203609675,-1.887696087416968,-1.6941454329439996,51.4072930833107,45.786041021520155,48.560015487626536,100.00000000000001,49.98062824575543,54840.598900000026,18.93435187137208,7.343587145559502,-0.025416843457396032,,1,0,267486.62847139814,328.5284713981673,100,99600,False,267480.0,321.9000000000233
2021-12-03 20:00:00+09:00,1677.679,1689.175,1675.348,1681.565,12412.284,3.729040323256413,-15.368700000001127,-34.46644032325867,-15.368700000001127,,-13.053499999999985,-2.2722215844053153,-1.9646011868146374,-0.30762039759067794,53.61716593283637,58.42884185394703,48.98646633154514,100.0,73.97722899920323,67252.88290000003,18.608683880559788,9.548870161628773,-0.048029885927151295,,1,-1,268164.7709610142,1006.6709610142279,100,100000,False,268156.5,998.4000000000233
2021-12-03 21:00:00+09:00,1683.99,1686.65,1668.149,1669.747,4998.1126,9.439260357394232,-8.75310000000104,-26.945460357396314,-8.75310000000104,,-13.989499999999907,-2.1630182547032746,-2.004284600392365,-0.1587336543109097,49.39137346448514,59.680612495182096,54.63183179021641,50.20438419608689,83.40146139869562,62254.770300000026,18.600992174805533,9.096180178697646,-0.02943711467324306,,1,0,266982.9128328912,-175.18716710875742,100,100000,False,266974.7,-183.39999999996508
2021-12-03 22:00:00+09:00,1669.301,1688.453,1669.109,1677.743,15602.9456,8.904521332770173,-6.006000000000995,-20.916521332772163,-6.006000000000995,,-15.370999999999867,-1.414952759868811,-1.8864182322876542,0.4714654724188432,52.13984889364202,62.25866358316696,60.12270597743201,80.06114422864758,76.75517614157813,77857.71590000002,18.654064162319425,7.455260666385599,-0.035428432480403727,,1,-1,267782.55216208997,624.4521620899905,99,100400,False,267774.3,616.2000000000116
2021-12-03 23:00:00+09:00,1676.24,1681.878,1645.452,1645.452,10769.1145,31.798205205469458,6.196399999998675,-19.405405205472107,6.196399999998675,,-0.25499999999988177,-3.388656970356351,-2.1868659799013934,-1.2017909904549575,42.17787506894892,36.938925680647536,52.95940058633218,0.0,43.421842808244804,67088.60140000003,19.923488150725177,12.800902602735421,-0.04128494070103206,,1,-1,264560.99201141973,-2597.1079885802465,99,100800,False,264545.2,-2612.899999999965
2021-12-04 00:00:00+09:00,1648.16,1656.801,1631.96,1633.287,13363.9634,54.998365244003935,17.178299999998444,-20.641765244007047,17.178299999998444,,13.045499999999947,-5.866816599993399,-2.9228561039197944,-2.9439604960736045,39.14362109796943,22.74479515111309,40.647461471642515,0.0,26.68704807621584,53724.63800000003,20.27473899710194,18.910032622002763,-0.04556599159597163,,1,-1,263350.2897437031,-3807.810256296885,99,101200,False,263328.7,-3829.399999999965
2021-12-04 01:00:00+09:00,1633.264,1633.264,1597.643,1604.501,53570.0591,83.27020745880554,30.69249999999829,-21.885207458808964,30.69249999999829,,27.579499999999825,-10.037855436888776,-4.345855970513591,-5.691999466375186,33.07935609566591,3.2904511902418156,20.9913906740008,0.0,-1.8947806286936004e-14,154.57890000002953,21.372543354451803,26.28885372940358,-0.018008815335409656,,1,0,260492.45873141786,-6665.641268582112,99,101200,False,260450.1,-6707.999999999971
2021-12-04 02:00:00+09:00,1605.065,1631.238,1593.941,1622.0,18511.9655,73.20536066213094,24.007099999998445,-25.191160662134052,24.007099999998445,,30.443499999999858,-11.795440218651265,-5.835772820141125,-5.95966739851014,39.241615596491,13.186549040250275,13.073931793868383,32.33001143327951,10.776670477759817,18666.544400000028,22.510004543419534,24.599130331066203,-0.04814013284626917,,1,-1,262229.7332705681,-4928.366729431902,99,101600,False,262200.0,-4958.099999999977
2021-12-04 03:00:00+09:00,1620.0,1633.942,1609.905,1620.337,8284.7319,30.583061453684877,3.1918999999984408,-24.199261453687996,3.1918999999984408,,21.109500000000025,-13.170705330075862,-7.302759322128073,-5.867946007947789,38.875248258512265,22.419089737700933,12.965363322730996,63.70149009817395,32.01050051048447,10381.812500000027,22.619075647460996,13.695580726843218,-0.03790645283408023,,1,-1,262065.0432296131,-5093.056770386873,98,102000,False,262033.7,-5124.399999999965
2021-12-04 04:00:00+09:00,1622.481,1622.971,1569.614,1580.213,32358.196,52.53668276491953,15.775099999998247,-20.98648276492304,15.775099999998247,,34.596500000000106,-17.29887366147591,-9.30198218999764,-7.9968914714782695,31.285749570055398,23.95395545125105,19.85319807640074,0.0,32.01050051048447,-21976.383499999974,24.814641672642352,18.38079138246068,-0.07503626057543422,,1,-1,258101.39258499723,-9056.707415002747,98,102400,False,258021.3,-9136.799999999988
2021-12-04 05:00:00+09:00,1577.389,1578.245,1500.0,1562.108,63736.1745,105.37128578565284,58.70929999999839,12.047314214343942,58.70929999999839,,82.71399999999994,-21.780328922128774,-11.797651536423867,-9.982677385704907,28.57491022584742,29.51429894650147,25.295781378484474,0.0,21.23383003272463,-85712.55799999998,28.77166726745361,23.33099289282724,-0.05192457912457904,,1,-1,256317.47249779923,-10840.627502200747,98,102800,False,256210.8,-10947.299999999988
2021-12-04 06:00:00+09:00,1560.046,1582.973,1560.046,1576.117,19211.0058,69.53394580081817,20.645499999998265,-28.242945800821644,20.645499999998265,,50.32699999999977,-23.925704651448086,-14.22326215942871,-9.702442492019376,33.384683457629,38.451427190191175,30.63989386264789,45.09146043368573,15.030486811228558,-66501.55219999998,28.35419103406406,24.444222900409986,-0.062288198422861596,,1,-1,257694.21871011084,-9463.881289889134,98,103200,False,257611.69999999998,-9546.399999999994
2021-12-04 07:00:00+09:00,1573.0,1573.0,1544.0,1547.503,36688.5347,67.58769308009187,18.75559999999814,-30.076493080095588,18.75559999999814,,56.034000000000106,-27.616495269558982,-16.901908781454765,-10.714586488104217,29.077555100921508,46.22100112984223,38.06224242217829,4.879887179237018,16.65711587097423,-103190.08689999997,28.62296310305948,24.416046540046818,-0.10535928571428577,,1,-1,254889.4157835698,-12268.684216430178,97,103600,False,254750.3,-12407.799999999988
2021-12-04 08:00:00+09:00,1546.343,1564.906,1539.096,1561.159,31904.3159,36.80109592022632,13.418999999998277,-9.963095920229762,13.418999999998277,,62.53300000000013,-29.104054924551292,-19.34233801007407,-9.761716914477223,33.48788358849854,47.34272319980594,44.00505050661311,100.0,49.990449204307566,-71285.77099999996,28.422037167126657,11.691047960114009,-0.17878746006612922,,1,-1,256224.47507711587,-10933.624922884104,97,104000,False,256115.90000000002,-11042.199999999953
2021-12-04 09:00:00+09:00,1558.502,1562.861,1461.994,1469.916,90111.4791,106.57699486126262,30.933099999998376,-44.71079486126587,30.933099999998376,,63.312999999999874,-37.21649562376706,-22.917169532812668,-14.299326090954391,23.135722244419433,30.582694943313413,41.38213975765385,0.0,34.95996239307899,-161397.25009999995,33.59667736947477,37.82194743063216,-0.18445328313757847,,1,-1,247327.61205454014,-19830.48794545984,97,104400,False,246991.6,-20166.49999999997
2021-12-04 10:00:00+09:00,1469.3,1488.225,1446.2,1485.0,72288.7713,145.66348572484026,60.72649999999817,-24.21048572484392,60.72649999999817,185.12027999999987,106.61699999999973,-41.944994796955825,-26.722734585641298,-15.222260211314527,27.145334268822452,28.21696874550494,35.38079562954143,38.73212454031454,46.24404151343816,-89108.47879999995,34.198700414512274,42.46849286242107,-0.21128674542341597,-124.3937800000001,1,-1,248794.30817882935,-18363.791821170627,96,104800,False,248500.0,-18658.099999999977
2021-12-04 11:00:00+09:00,1485.0,1485.888,1455.567,1483.7,16705.325,113.27018738277775,38.72809999999822,-35.813987382781306,38.72809999999822,177.84765999999968,103.10199999999986,-45.27535745632645,-30.433259159778327,-14.84209829654812,27.01454054686629,21.496849494320212,26.76550439437952,37.46868092106521,25.400268487126567,-105813.80379999995,33.92172181347568,37.27104369138972,-0.21277860108273017,-139.11955999999964,2,-1,248668.25255550782,-18489.84744449216,96,105200,False,248370.0,-18788.099999999977
2021-12-04 12:00:00+09:00,1483.354,1483.354,1399.23,1400.0,54664.8911,141.1409008841431,38.66299999999842,-63.814900884146255,38.66299999999842,201.6877199999999,81.4340000000002,-54.04558053752771,-35.155723435328206,-18.889857102199507,20.24947204913861,19.46902237381644,23.06094687121386,0.0,25.400268487126567,-160478.69489999994,37.53231311251313,51.23895044207236,-0.1312134931145459,-163.02471999999966,3,-1,240574.774939483,-26583.325060516974,96,105600,False,240000.0,-27158.099999999977
2021-12-04 13:00:00+09:00,1400.0,1439.015,1278.0,1324.377,127273.0324,199.06927913612049,74.09109999999805,-50.887079136124385,74.09109999999805,277.65299999999934,120.32449999999972,-66.33353787422334,-41.39128632310723,-24.942251551116108,16.282135048579622,15.439822322921843,18.801898063686163,0.0,12.489560307021721,-287751.7272999999,46.35250503304792,62.48908956806124,-0.06946214261142569,-203.56190000000015,4,-1,233283.9196500198,-33874.18034998019,96,106000,False,232437.69999999998,-34720.399999999994
2021-12-04 14:00:00+09:00,1324.27,1338.306,1066.578,1241.008,391073.8128,372.7555228743672,184.37499999999818,-4.005522874370854,184.37499999999818,425.5886799999996,229.0619999999999,-81.85543564087425,-49.484116186660636,-32.37131945421361,13.209522037101411,19.371354115391057,18.09339960404311,0.0,-1.4210854715202004e-14,-678825.5400999999,62.4507546735445,94.19026143718446,-0.012399158433328505,-241.2136800000003,5,-1,225271.44805220247,-41886.65194779751,95,106400,True,224100.8,-43057.29999999999
2021-12-04 15:00:00+09:00,1240.175,1255.0,1197.956,1225.969,196879.4654,302.79405207220157,108.53279999999813,-85.7284520722053,108.53279999999813,392.9720599999996,197.50649999999996,-94.28333348493561,-58.44395964631563,-35.83937383861998,12.742382941261166,31.887329102672734,22.23283518032854,0.0,-1.4210854715202004e-14,-875705.0054999999,62.064557911148476,97.13062603610172,-0.04257930096096607,-284.4392599999999,6,-1,223830.91929875602,-43327.18070124395,95,106800,False,222596.90000000002,-44561.19999999995
2021-12-04 16:00:00+09:00,1225.864,1228.001,1180.87,1223.389,93958.5943,216.9916247328158,78.5130999999983,-59.9654247328192,78.5130999999983,406.1500999999996,217.42749999999978,-103.15164850823203,-67.38549741869892,-35.76615108953311,12.659671236981248,39.00206088034191,30.086914699468565,0.0,-1.4210854715202004e-14,-969663.5997999999,60.99787520320931,69.23926236640871,-0.03081085453420984,-327.63699999999994,7,-1,223584.63267014566,-43573.46732985432,95,107200,False,222338.9,-44819.19999999998
2021-12-04 17:00:00+09:00,1224.022,1253.273,1216.451,1237.609,70150.0421,90.71290838782625,15.608399999998255,-59.496108387829736,15.608399999998255,367.29659999999944,166.93899999999985,-107.78988223294323,-75.46637438154778,-32.32350785139545,15.899912429374865,40.51986129442458,37.13641709247974,89.44854554568744,29.816181848562465,-899513.5576999999,59.27102697440864,37.55225419391394,-0.02354483351803749,-351.6882000000003,8,0,224937.4235457948,-42220.67645420518,95,107200,False,223760.9,-43397.19999999998
2021-12-04 18:00:00+09:00,1237.689,1257.216,1223.809,1238.358,45781.2338,7.051792491362676,-7.245900000001484,-21.543592491365644,-7.245900000001484,352.6332599999996,159.2405000000001,-110.1357020203045,-82.40023990929913,-27.735462111005376,16.0765214563329,48.921508588979954,42.814476921248804,100.0,63.1495151818958,-853732.3238999998,57.42359647623659,7.14884624568209,0.007422143636914513,-359.87915999999996,9,0,225008.67814255014,-42149.42185744984,95,107200,False,223835.8,-43322.29999999999
2021-12-04 19:00:00+09:00,1238.358,1247.273,1195.785,1225.809,52628.3655,21.504505019524004,8.697799999998324,-4.108905019527356,8.697799999998324,362.0649399999995,178.22399999999993,-111.71954712982915,-88.26410135340514,-23.455445776424014,15.489614777327827,56.00068112229891,48.48068366856781,82.82316632783393,90.75723729117378,-906360.6893999998,56.999625299362535,6.403352509762787,0.03570568864960466,-353.36714000000006,10,1,223814.85446473575,-43343.24553526423,95,106800,False,222580.9,-44577.19999999998
2021-12-04 20:00:00+09:00,1224.117,1224.117,1151.0,1175.9,87940.2435,78.58406348167637,32.65449999999828,-13.275063481679808,32.65449999999828,385.6568799999993,180.971,-115.6686389150143,-93.74500886572697,-21.923630049287326,13.39512531150964,48.507570022478205,51.143253244585686,21.52432876229335,68.11583169670908,-994300.9328999998,58.27172349226521,22.964781740838994,0.04943826401025653,-353.00238000000013,11,1,219050.57685584197,-48107.52314415801,95,106400,False,217590.0,-49568.09999999998
2021-12-04 21:00:00+09:00,1177.464,1213.203,1177.464,1186.822,48394.3075,70.28686485955495,17.566099999998414,-35.154664859558125,17.566099999998414,367.7217399999995,173.19600000000014,-116.57322491292257,-98.31065207516609,-18.26257283775648,16.06975727125374,38.67689879992627,47.72838331490113,99.7477364509447,68.03174384702398,-945906.6253999998,56.77395752853197,26.360382429778323,0.058883701972675784,-350.1556400000002,12,1,220096.8984821873,-47061.201517812675,96,106000,False,218682.19999999998,-48475.899999999994
2021-12-04 22:00:00+09:00,1186.811,1209.14,1175.965,1209.14,52963.7342,61.265162531520446,14.653299999998353,-31.95856253152374,14.653299999998353,361.1375399999995,137.89750000000004,-114.17312306042413,-101.4831462722177,-12.689976788206437,21.41075730121715,37.30197584795769,41.49548155678739,100.0,73.75735507107935,-892942.8911999998,55.08831770506542,23.30593126576101,0.04846670569941003,-346.4842400000002,13,1,222242.47261236474,-44915.627387635235,96,105600,False,220914.0,-46244.09999999998
2021-12-04 23:00:00+09:00,1209.14,1250.0,1202.403,1247.618,62072.8043,34.712786458874234,-17.1437000000019,-69.00018645887803,-17.1437000000019,318.5084999999997,104.24849999999992,-107.92211308413152,-102.77093963460047,-5.151173449531058,29.715147368035044,62.01902370850177,45.99929945212858,100.0,99.9159121503149,-830870.0868999999,54.553223583275035,25.928243229438095,0.025388284517521065,-335.6522,14,0,225954.34142919205,-41203.75857080793,96,105600,False,224761.8,-42396.29999999999
2021-12-05 00:00:00+09:00,1247.619,1280.165,1245.0,1271.198,80573.4225,27.831110350169865,-44.44690000000173,-116.72491035017333,-44.44690000000173,273.83623999999986,67.2175000000002,-99.91369087382668,-102.1994898824457,2.2857990086190227,34.29704648640997,81.79639075760912,60.37246343802286,100.0,100.0,-750296.6643999999,53.16835047018396,36.13900517508576,0.010033627135961787,-318.2831399999998,15,0,228229.04039225634,-38929.059607743635,96,105600,False,227119.8,-40038.29999999999
2021-12-05 01:00:00+09:00,1267.6,1273.862,1232.677,1237.058,31197.1905,36.131856870901856,-22.90230000000156,-81.93645687090498,-22.90230000000156,273.84839999999986,34.680500000000166,-95.22408725180617,-100.80440935631779,5.580322104511623,31.13256150748411,83.09405816729021,75.63649087780037,82.63875148096872,94.2129171603229,-781493.8548999999,52.31239686517083,29.51707843545172,0.023344678425455956,-296.7507000000003,16,0,224935.64672817598,-42222.45327182399,96,105600,False,223705.8,-43452.29999999999
2021-12-05 02:00:00+09:00,1237.548,1263.557,1235.279,1261.079,9406.28,38.700477885385226,-4.199400000002015,-47.099277885389256,-4.199400000002015,269.22239999999965,0.7204999999999018,-88.54851646815155,-98.35323077868455,9.804714310533,35.632680427432376,77.79051215050045,80.89365369179991,100.0,94.2129171603229,-772087.5748999999,50.59565423194435,21.449938942693624,0.02789706683810378,-273.42179999999985,17,0,227252.88777108386,-39905.21222891612,96,105600,False,226107.9,-41050.19999999998
2021-12-05 03:00:00+09:00,1260.0,1275.0,1258.479,1270.728,8819.4414,17.49422295364502,-9.203300000001946,-35.90082295364891,-9.203300000001946,243.74555999999984,-43.190500000000156,-81.53954771778785,-94.99049416650521,13.45094644871736,37.40215905558317,76.05935734679257,78.98130922152774,100.00000000000001,94.2129171603229,-763268.1334999999,48.16175035823404,13.348761476823455,0.024692608795763293,-252.94885999999997,18,0,228183.70076067705,-38974.39923932293,96,105600,False,227072.8,-40085.29999999999
2021-12-05 04:00:00+09:00,1273.5,1285.293,1266.88,1280.118,13930.7071,17.49646516744042,-12.050300000001698,-41.597065167443816,-12.050300000001698,225.66334000000006,-48.07749999999987,-74.36990499066201,-90.86637633133657,16.49647134067456,39.15511868642096,86.57071417482443,80.14019455737248,100.0,100.0,-749337.4263999999,46.03683961836016,14.773382583721103,-0.007093850134646917,-237.71363999999994,19,0,229089.528719251,-38068.57128074899,96,105600,False,228011.8,-39146.29999999999
2021-12-05 05:00:00+09:00,1281.099,1291.714,1273.922,1284.082,53388.6503,17.364121430559635,-16.205000000001746,-49.77412143056313,-16.205000000001746,210.62331999999992,-52.827,-67.58892672877528,-86.21088641082432,18.621959682049038,39.92000203540741,88.36711834271728,83.6657299547781,100.0,100.0,-695948.7760999999,44.01935107419157,16.784560715280662,-0.01527881223127281,-226.82831999999985,20,0,229471.92510133696,-37686.17489866301,96,105600,False,228408.2,-38749.899999999965
2021-12-05 06:00:00+09:00,1286.919,1287.014,1255.436,1266.627,18492.3008,18.278122589415943,1.3017999999983658,-15.674522589419212,1.3017999999983658,213.94323999999983,-41.233999999999924,-62.8983719454875,-81.54838351775695,18.65001157226945,37.674128664530464,77.59473071252778,84.17752107668984,47.61593423037596,82.53864474345865,-714441.0768999999,43.13068314032074,8.488161294708789,-0.008713968869581201,-212.64143999999987,21,0,227788.08835832222,-39370.01164167776,96,105600,False,226662.7,-40495.399999999965
2021-12-05 07:00:00+09:00,1267.383,1299.199,1267.382,1297.269,39252.9746,18.004288886639415,-3.5257000000017342,-25.055688886642884,-3.5257000000017342,193.96411999999964,-46.70600000000013,-56.06226922985775,-76.45116066017711,20.38889143031936,43.6658099515232,79.40316176099911,81.78833693874806,100.0,82.53864474345865,-675188.1022999999,42.3764914874407,10.764994443320587,-0.01890433553251647,-197.48982,22,0,230744.039402691,-36414.06059730897,96,105600,False,229726.9,-37431.19999999998
2021-12-05 08:00:00+09:00,1298.157,1331.1,1280.0,1302.9,100625.7282,6.355101809859207,-19.350800000001527,-45.05670180986226,-19.350800000001527,163.8225799999998,-66.14999999999986,-49.61826545858253,-71.0845816198582,21.46631616127567,44.71757927447811,71.28897849578182,76.09562365643625,100.0,82.53864474345865,-574562.3740999999,42.99959923833779,12.852950904930326,-0.035016098396833284,-183.17337999999995,23,-1,231287.24677593168,-35870.8532240683,96,106000,False,230290.0,-36868.09999999998
2021-12-05 09:00:00+09:00,1302.797,1327.907,1243.5,1271.101,119456.1694,26.986541489363844,-1.3077000000016596,-29.601941489367164,-1.3077000000016596,175.2278799999997,-46.303499999999985,-46.54076660121768,-66.1758186161301,19.635052014912418,40.15792110134606,63.27594559428383,71.32269528368825,35.26385821897684,78.42128607299229,-694018.5434999999,45.957270721313655,14.147120744682708,-0.0028117522407631323,-176.53557999999998,24,0,228229.44559377816,-38928.654406221816,96,106000,False,227110.1,-40047.99999999997
2021-12-05 10:00:00+09:00,1267.8,1273.5,1244.944,1264.758,26712.9065,53.70117745101993,21.308999999998377,-11.083177451023175,21.308999999998377,193.53124000000003,-14.361000000000104,-44.10523596822577,-61.761702086549235,17.656466118323465,39.29716297734927,39.50169273561605,58.02220560856056,23.043170211579948,52.76900947685226,-720731.45,44.7143228126484,16.196088725510812,0.0067405353318552574,-172.22223999999983,25,0,227619.50085028308,-39538.5991497169,96,106000,False,226475.8,-40682.29999999999
2021-12-05 11:00:00+09:00,1264.0,1265.93,1249.5,1255.685,8458.9578,57.63163737136415,20.627599999997983,-16.376437371368183,20.627599999997983,186.9449599999998,-1.6950000000001637,-42.418205005417576,-57.8930026703229,15.474797664905324,38.041121158311476,23.228310502283165,42.001982944061005,0.0,19.43567614351893,-729190.4077999999,42.69401404031637,18.50201868568304,0.0027431443232239783,-166.31736000000024,26,0,226747.0385047477,-40411.061495252274,96,106000,False,225568.5,-41589.59999999998
2021-12-05 12:00:00+09:00,1253.919,1276.82,1248.699,1273.2,21943.6967,42.56864392817124,10.769299999997884,-21.030043928175473,10.769299999997884,174.1404799999998,7.219499999999925,-39.21585077523537,-54.15757229130539,14.941721516070025,41.901681778375014,24.0270167427702,28.91900666022313,57.82348294397933,26.955551051853092,-707246.7111,41.653084466008046,15.899671964086629,-0.009495537668170018,-163.3711800000001,27,0,228431.28605043842,-38726.81394956156,96,106000,False,227320.0,-39838.09999999998
2021-12-05 13:00:00+09:00,1274.1,1274.1,1253.001,1258.821,28013.8864,14.699358897916454,1.16249999999809,-12.374358897920274,1.16249999999809,165.3019200000001,6.428500000000213,-37.407022238480295,-50.807462280740374,13.40044004226008,39.713954484944416,21.988421699932214,23.08124964832852,43.33135757379736,33.71828017259223,-735260.5974999999,40.1849355755789,6.768429448959146,-0.03144426827919333,-164.13941999999997,28,-1,227048.59718606577,-40109.5028139342,95,106400,False,225882.09999999998,-41276.0
2021-12-05 14:00:00+09:00,1259.678,1268.002,1257.841,1267.537,8702.9632,13.52654957584059,1.0786999999979798,-11.36914957584463,1.0786999999979798,158.37655999999993,7.057500000000118,-34.86826458445853,-47.61962274148401,12.751358157025479,41.70094797772005,40.97774137722827,28.997726606643553,94.80039765178815,65.31841272318827,-726557.6342999999,38.04036874875184,6.22392478792135,-0.029470839008455707,-157.2978599999999,29,0,227883.96073106048,-39274.1392689395,95,106400,False,226753.7,-40404.399999999965
2021-12-05 15:00:00+09:00,1267.537,1277.15,1258.0,1273.341,24424.2506,12.719286884354915,-1.8582000000021708,-16.435686884359257,-1.8582000000021708,146.13787999999977,11.717499999999973,-32.01885315085815,-44.49946882335884,12.48061567250069,43.04708863960987,58.547061472388016,40.504408183182825,100.0,79.37725174186183,-702133.3836999999,36.69105669526957,7.288743442178498,-0.038067217436815515,-147.9960799999999,30,-1,228440.230810816,-38717.869189183984,95,106800,False,227334.09999999998,-39824.0
2021-12-05 16:00:00+09:00,1273.341,1284.928,1255.292,1259.139,35723.5115,9.131097519379182,-3.702400000001944,-16.53589751938307,-3.702400000001944,135.43573999999944,9.18249999999989,-30.554444157001853,-41.71046389008744,11.156019733085586,40.57805522907942,62.1021800222778,53.87566095729802,25.924571410529726,73.57498968743928,-737856.8951999999,36.187124074178904,6.416748759690543,-0.017057047451499274,-139.13814000000025,31,0,227083.53644695337,-40074.56355304661,95,106800,False,225913.9,-41244.19999999998
2021-12-05 17:00:00+09:00,1259.595,1264.359,1249.06,1261.224,31499.6719,18.54287933179444,7.302899999998317,-3.937079331797804,7.302899999998317,140.59271999999987,22.583000000000084,-28.892591593074485,-39.14688943068485,10.254297837610366,41.11206687463085,49.7806670364883,56.8099695103847,41.94587810783035,55.95681650612002,-706357.2233,34.69511521173755,5.619989665898031,-0.02720677884932554,-133.28981999999974,32,0,227282.71316492642,-39875.38683507356,95,106800,False,226122.4,-41035.69999999998
2021-12-05 18:00:00+09:00,1261.29,1261.7,1218.06,1220.445,42483.5544,53.70819357413643,16.45719999999801,-20.79379357414041,16.45719999999801,148.61153999999965,21.792500000000018,-30.514335691500946,-37.42037868284807,6.906042991347121,34.56868937127477,22.098886571644965,44.66057787680368,0.0,22.62348317278669,-748840.7777,35.3340355537563,18.62549678706916,-0.03034961705231587,-132.15434000000005,33,-1,223387.16046361998,-43770.93953638,95,107200,False,222044.5,-45113.59999999998
2021-12-05 19:00:00+09:00,1222.599,1241.99,1216.409,1231.251,20715.5468,59.63064771317727,19.880499999997937,-19.869647713181394,19.880499999997937,150.77505999999948,32.472999999999956,-30.575174108313604,-36.05133776794118,5.476163659627574,37.41145212054954,19.713703663317798,30.53108575715035,33.52947483721184,25.158450981680726,-728125.2309,34.637390157059414,19.875073856589623,-0.09889463561352851,-130.89456000000018,34,-1,224415.89871562633,-42742.201284373645,94,107600,False,223125.09999999998,-44033.0
2021-12-05 20:00:00+09:00,1233.509,1239.067,1218.0,1226.646,15629.1367,45.3096575156178,11.207499999997935,-22.89465751562193,11.207499999997935,142.77357999999958,33.139000000000124,-30.641754929368517,-34.96942120022665,4.327666270858131,36.68008623462403,13.389418354619089,18.40066952986061,32.267691452408606,21.932388763206813,-743754.3676,33.66807657441232,17.05107875780994,-0.07770785249328105,-131.56608000000006,35,-1,223978.9957497928,-43179.104250207165,94,108000,False,222664.59999999998,-44493.5
2021-12-05 21:00:00+09:00,1227.146,1250.98,1219.99,1238.022,20526.2632,28.191910406722627,0.032599999997728446,-28.12671040672717,0.032599999997728446,127.08651999999938,26.1875,-29.437238422452765,-33.86298464467187,4.425746222219104,39.810457223149896,27.225187345821393,20.10943645458609,80.10798474009239,48.635050343237616,-723228.1044,33.47678539052573,14.079655203362467,-0.06654134884931029,-127.05392000000006,36,-1,225054.59299272162,-42103.50700727836,94,108400,False,223802.2,-43355.899999999965
2021-12-05 22:00:00+09:00,1238.5,1238.501,1222.45,1227.819,19025.8829,9.90073913562901,-1.6389000000019678,-13.178539135632946,-1.6389000000019678,123.02109999999948,16.417500000000018,-28.97197633387259,-32.884782982512014,3.9128066486394246,37.9961211092852,28.40235336120013,23.005653020546863,65.38694262822685,59.25420627357595,-742253.9872999999,32.2320864340596,5.7698195678155395,-0.06644830784945222,-124.65999999999985,37,-1,224093.19908186645,-43064.90091813353,93,108800,False,222781.9,-44376.19999999998
2021-12-05 23:00:00+09:00,1225.753,1225.847,1179.848,1184.496,75950.7604,56.78516923394568,18.79929999999831,-19.186569233949058,18.79929999999831,140.94407999999953,26.07100000000014,-31.733255594000866,-32.65447750480978,0.9212219108089172,31.443353610087772,25.600336374660888,27.075959027227466,0.0,48.49830912277309,-818204.7477,33.35629454591249,18.992934616973663,-0.033588015399597326,-122.14478000000008,38,-1,220025.13427441218,-47132.9657255878,93,109200,False,218449.6,-48708.49999999997
2021-12-06 00:00:00+09:00,1183.116,1197.881,1109.5,1120.445,160587.2642,132.96219271383075,45.795099999997774,-41.3719927138352,45.795099999997774,178.9551199999994,43.20249999999987,-38.644499964824945,-33.85248199681281,-4.792017968012132,24.66947416327672,13.154349813604076,22.38567984982169,0.0,21.795647542742287,-978792.0118999999,37.28663064977589,43.5835463569165,0.02469586078188335,-133.16002000000003,39,0,214032.32325992972,-53125.77674007026,93,109200,False,212044.5,-55113.59999999998
2021-12-06 01:00:00+09:00,1119.0,1149.423,1116.899,1138.199,72207.2329,142.23611117002338,48.63519999999812,-44.965711170027134,48.63519999999812,189.33955999999944,63.73199999999997,-42.20262589678305,-35.52251077680686,-6.680115119976186,29.221108298730464,11.518417408482598,16.757701198915846,30.06168171151674,10.020560570505586,-906584.7789999999,36.94644274622048,46.80045558501262,0.01779652094972295,-140.70436000000018,40,0,215693.44278579386,-51464.65721420612,93,109200,False,213819.90000000002,-53338.19999999995
2021-12-06 02:00:00+09:00,1138.093,1166.5,1130.098,1160.782,15025.4457,93.087673922779,18.04919999999811,-56.989273922782786,18.04919999999811,164.75145999999972,48.59400000000005,-42.70789691587538,-36.959588004620564,-5.748308911254817,34.631572028792455,22.59136729764972,15.754711506578792,74.75322116565506,34.93830095905727,-891559.3332999998,36.9075539786333,37.51923696139041,0.0036539549319808406,-146.70226000000002,41,0,217806.3785891389,-49351.721410861064,93,109200,False,216078.2,-51079.899999999965
2021-12-06 03:00:00+09:00,1162.573,1162.573,1145.0,1151.316,6669.2749,40.29812306825147,-2.738900000001877,-45.775923068255224,-2.738900000001877,150.20025999999962,43.10649999999987,-43.37218735059582,-38.24210787381561,-5.13007947678021,33.47641963020103,31.992929842846845,22.034238182993047,88.4045266952251,64.4064765241323,-898228.6081999998,35.52651440873093,21.518511534126713,0.020935680968760972,-152.93916000000013,42,0,216920.71015206393,-50237.38984793605,93,109200,False,215131.6,-52026.49999999997
2021-12-06 04:00:00+09:00,1150.783,1150.783,1120.13,1146.004,12423.414,35.10368776333553,7.892699999998285,-19.318287763338958,7.892699999998285,159.01033999999981,61.436500000000024,-43.822122165825704,-39.35811073221763,-4.464011433608071,32.814942288034985,38.998979533844626,31.19442555811372,81.76458648287506,81.64077811458507,-910652.0221999998,35.216477665250146,13.605493881668602,-0.03243603603603584,-151.11764000000016,43,-1,216423.70289052342,-50734.39710947656,93,109600,False,214600.4,-52557.69999999998
2021-12-06 05:00:00+09:00,1146.133,1157.872,1130.0,1148.816,22409.8907,19.78020409514602,5.08739999999807,-9.60540409514988,5.08739999999807,141.10041999999953,46.898499999999785,-43.4509187057829,-40.176672326930685,-3.2742463788522116,33.56332848528839,47.19708379590719,39.396331057532876,80.25597071155622,83.47502796321878,-888242.1314999998,34.69187211773228,7.346402047573958,-0.03215187371409578,-136.01301999999987,44,-1,216685.8208696301,-50472.27913036989,92,110000,False,214881.6,-52276.49999999997
2021-12-06 06:00:00+09:00,1149.188,1165.0,1124.116,1158.822,33581.4204,20.03137809964005,8.5899999999981,-2.8513780996438527,8.5899999999981,132.0505999999998,46.27649999999994,-41.866723189159075,-40.51468249937636,-1.3520406897827115,36.28313097491526,63.030789502635116,49.742284277462296,100.0,87.34018573147709,-854660.7110999997,35.13416696646569,5.720689049820989,-0.03744228956337459,-123.46059999999989,45,-1,217615.0369700513,-49543.06302994868,92,110400,False,215882.19999999998,-51275.899999999994
2021-12-06 07:00:00+09:00,1160.221,1165.039,1143.892,1165.039,14934.2733,13.480223708359063,-0.46610000000191576,-14.412423708362894,-0.46610000000191576,114.20171999999957,24.7679999999998,-39.65248769107302,-40.342243537715696,0.6897558466426759,37.98197110777453,82.59645784009835,64.27477704621354,100.0,93.41865690385207,-839726.4377999997,34.13508361171814,6.9731618541805265,-0.028278022947925807,-114.66781999999989,46,0,218190.238238963,-48967.86176103697,92,110400,False,216503.9,-50654.19999999998
2021-12-06 08:00:00+09:00,1164.7,1180.228,1158.417,1175.935,29677.8053,11.43417541409508,-10.399300000001858,-32.232775414098796,-10.399300000001858,91.34107999999969,9.91099999999983,-36.59661101660595,-39.59311703349375,2.9965060168877997,40.95339054914634,92.09951598979266,79.24225444417537,100.0,100.0,-810048.6324999997,33.254791925166856,10.916737707048494,-0.039642081662387474,-101.74037999999996,47,-1,219198.3439211348,-47959.756078865175,92,110800,False,217593.5,-49564.59999999998
2021-12-06 09:00:00+09:00,1175.935,1176.037,1085.283,1110.0,105381.2291,66.34543856608798,21.062399999998433,-24.22063856609111,21.062399999998433,121.25351999999975,43.35100000000011,-39.045122328443995,-39.4835180924838,0.43839576403980374,31.208918402696167,72.96321129914635,82.55306170967911,0.0,66.66666666666667,-915429.8615999997,37.36187821622637,22.64151928304481,-0.0023406007541937335,-100.19112000000018,48,0,213120.41886027684,-54037.681139723136,92,110800,False,211000.0,-56158.09999999998
2021-12-06 10:00:00+09:00,1110.0,1127.514,1090.4,1113.03,48561.1047,90.71332916106462,35.608199999998305,-19.49692916106801,35.608199999998305,133.99393999999984,65.05400000000009,-40.27680358611269,-39.642175191209574,-0.6346283949031175,32.009540792685804,49.37130721432532,71.47801150108809,8.216169926467463,36.07205664215582,-866868.7568999997,37.34417262935305,27.552564580533204,-0.011572330016350163,-98.38574000000017,49,0,213399.72594959813,-53758.37405040185,92,110800,False,211303.0,-55855.09999999998
2021-12-06 11:00:00+09:00,1114.999,1126.673,1109.101,1116.999,33875.1574,74.89999727158852,18.313599999997905,-38.27279727159271,18.313599999997905,118.00559999999973,51.02249999999981,-40.466185727179436,-39.806977298403545,-0.6592084287758908,33.107773562703194,29.553952288166897,50.62949026721284,19.48648558350863,9.234218503325364,-832993.5994999997,35.931874584399246,28.293198635795335,-0.020264647935309466,-99.69200000000001,50,0,213765.59058244177,-53392.509417558205,92,110800,False,211699.90000000002,-55458.19999999995
2021-12-06 12:00:00+09:00,1118.898,1138.545,1116.85,1133.0,40426.102,50.88723758663059,2.095299999998133,-46.696637586634324,2.095299999998133,101.15509999999972,19.550500000000056,-38.8769758863948,-39.620977016001795,0.7440011296069926,37.49143177137973,37.62880264012504,38.85135404753907,64.47258788637646,30.72508113211752,-792567.4974999997,34.914954971227885,24.395968793316197,-0.04336455139007822,-99.0598,51,-1,215240.57168350782,-51917.52831649216,91,111200,False,213300.0,-53858.09999999998
2021-12-06 13:00:00+09:00,1135.583,1147.915,1130.0,1131.096,29485.036,0.7631077863968585,-18.132500000001755,-37.02810778640037,-18.132500000001755,82.8430199999998,4.009999999999991,-37.34071204092106,-39.16492402098565,1.8242119800645895,37.179208210407126,44.71417992355624,37.29897828394937,95.03027621828956,59.66311656272489,-822052.5334999997,33.700672473283035,9.447803893199307,-0.08867889297202391,-100.97551999999996,52,-1,215065.7320996725,-52092.36790032749,91,111600,False,213109.6,-54048.49999999997
2021-12-06 14:00:00+09:00,1132.296,1134.366,1107.408,1107.408,22904.3504,19.57492809404289,-0.5804000000018732,-20.735728094046635,-0.5804000000018732,95.06168000000002,20.78449999999998,-37.601192366650366,-38.852177690118594,1.2509853234682282,33.44722352624856,43.43645108609195,41.92647788325772,26.22603658391769,61.909633562861245,-844956.8838999997,33.21905301090568,10.077664047022378,-0.05595450484253739,-95.64207999999985,53,-1,212898.8989909204,-54259.20100907958,91,112000,False,210740.8,-56417.29999999999
2021-12-06 15:00:00+09:00,1107.3,1124.986,1091.43,1100.297,56199.0528,35.208280167244766,9.55199999999786,-16.104280167249044,9.55199999999786,103.25907999999981,29.9079999999999,-37.94402803647654,-38.67054775939018,0.7265197229136433,32.395946070659,31.916602887100378,40.02241129891617,0.0,40.418770934069094,-901155.9366999996,33.24312065298385,12.828140083623488,-0.020121565667897245,-93.7070799999999,54,-1,212250.99679884268,-54907.1032011573,90,112400,True,210029.7,-57128.399999999965
2021-12-06 16:00:00+09:00,1099.173,1103.08,1063.565,1094.813,75893.6785,61.627476400345586,30.000299999998106,-1.6268764003493743,30.000299999998106,125.2206799999999,52.05150000000003,-38.217690991052905,-38.579976405722725,0.3622854146698202,31.57179282416654,27.438344072999225,34.263799348730494,0.0,8.742012194639239,-977049.6151999997,33.691112034913566,15.813588200173736,0.04630854008888685,-95.22037999999998,55,1,211753.3285634073,-55404.77143659268,91,112000,False,209481.30000000002,-57676.79999999996
2021-12-06 17:00:00+09:00,1093.457,1128.998,1061.403,1085.91,89747.0856,39.31310452188245,8.704299999998057,-21.904504521886338,8.704299999998057,110.54150000000004,35.72200000000021,-38.7067808729455,-38.60533729916728,-0.10144357377821933,30.227353988583154,27.02382603246362,28.792924330854387,0.0,9.473903143468002e-15,-1066796.7007999998,36.112818318134025,15.304402260942169,0.04357215771622036,-101.83720000000017,56,1,210942.13625549717,-56215.963744502806,91,111600,False,208591.0,-58567.09999999998
2021-12-06 18:00:00+09:00,1081.483,1089.61,1031.0,1038.962,80861.3243,73.7659605274107,25.172999999998183,-23.419960527414332,25.172999999998183,141.74846000000002,47.14350000000013,-42.39400763655999,-39.363071366645826,-3.0309362699141644,24.3410081721599,24.358743806386766,26.273637970616516,0.0,9.473903143468002e-15,-1147658.0250999997,37.71975986683873,24.296480263706247,0.0739758993190488,-116.5754599999998,57,1,206647.19964664092,-60510.90035335906,91,111200,False,203896.2,-63261.899999999965
2021-12-06 19:00:00+09:00,1038.283,1053.414,1030.913,1048.727,65537.8448,81.63917426180728,31.57829999999808,-18.48257426181101,31.57829999999808,156.11231999999973,65.28499999999985,-44.02076356091243,-40.29460980549915,-3.7261537554132786,27.50331233849199,18.064128901920586,23.148899580256966,39.25919983717482,13.08639994572495,-1082120.1802999997,36.632705590635965,25.03043713090457,0.08486528136155824,-124.53401999999983,58,1,207544.28914996196,-59613.81085003802,92,110800,False,204872.7,-62285.399999999965
2021-12-06 20:00:00+09:00,1044.833,1089.997,1018.0,1078.594,131959.6153,58.824123936310116,15.402699999998049,-28.018723936314018,15.402699999998049,141.08203999999978,53.44999999999982,-42.411073603514296,-40.71790256510218,-1.6931710384121175,36.27631054391867,26.818232490322327,23.080368399543204,100.0,46.41973327905828,-950160.5649999997,39.158726619876255,21.710711968156033,0.06333752775657409,-125.67933999999991,59,1,210299.49778294453,-56858.60221705545,92,110400,False,207859.40000000002,-59298.69999999995
2021-12-06 21:00:00+09:00,1077.751,1184.999,1073.43,1147.974,219012.6447,27.340698239303038,-49.181100000001834,-125.70289823930659,-49.181100000001834,64.30933999999979,-21.766000000000076,-35.1320165302991,-39.60072535814156,4.4687088278424625,51.0845468009147,50.19372659805661,31.692029330099814,100.0,79.7530666123916,-731147.9202999996,44.3308890041708,38.26089911965239,-0.0018414052627535593,-113.49043999999981,60,0,216725.48119855847,-50432.61880144151,92,110400,False,214797.4,-52360.69999999998
2021-12-06 22:00:00+09:00,1146.61,1196.719,1129.994,1135.381,164849.5149,15.380236634564426,-73.42890000000148,-162.23803663456738,-73.42890000000148,29.356960000000072,-69.88850000000002,-30.033256526722425,-37.68723159185773,7.653975065135306,48.86492368881365,66.03282138667015,47.681593491683,91.70033875130308,97.23344625043437,-895997.4351999997,45.930468361015755,44.40456831728294,0.008565390895833858,-102.78585999999996,61,0,215559.11611996483,-51598.98388003514,92,110400,False,213538.1,-53619.99999999997
2021-12-06 23:00:00+09:00,1135.764,1139.924,1104.233,1121.96,63759.7128,58.797483999849874,-15.551300000001675,-89.90008399985322,-15.551300000001675,69.33771999999976,-28.61050000000023,-26.766863287148453,-35.503157930915876,8.736294643767422,46.54383256178735,67.22594002186177,61.15082933552949,80.74437431864267,90.81490435664858,-959757.1479999997,45.19907776380035,37.17439199992574,0.02676069777326695,-84.88901999999985,62,0,214316.0615880975,-52842.03841190247,92,110400,False,212196.0,-54962.09999999998
2021-12-07 00:00:00+09:00,1120.75,1145.981,1108.575,1145.981,33940.6472,49.56254585857823,-1.3000000000015461,-52.162545858581325,-1.3000000000015461,62.8750399999999,-33.81000000000017,-21.98648267737235,-32.799822880207174,10.813340202834823,51.027544821513835,65.15293095119527,66.1372307865757,99.61506570795063,90.68659292596546,-925816.5007999997,44.642429352100315,25.43127292928988,-0.0009433130026088588,-64.17504000000008,63,0,216540.88931404825,-50617.21068595172,92,110400,False,214598.1,-52559.99999999997
2021-12-07 01:00:00+09:00,1145.232,1157.307,1133.27,1151.529,41451.2111,16.769857374259573,-4.723500000001877,-26.216857374263327,-4.723500000001877,42.94275999999968,-50.04300000000012,-17.548036528090506,-29.74946560978384,12.201429081693334,52.0283614688164,64.37533132737065,65.58473410014254,100.0,93.4531466755311,-884365.2896999997,43.170612969807436,10.746678687130728,0.034848508976981885,-47.666259999999966,64,1,217054.745699027,-50103.35430097298,92,110000,False,215152.9,-52005.19999999998
2021-12-07 02:00:00+09:00,1151.66,1160.0,1141.0,1145.864,24784.0034,10.614432264329935,-10.35700000000179,-31.328432264333514,-10.35700000000179,35.22458000000006,-55.25450000000001,-14.322552661523787,-26.66408302013183,12.341530358608043,50.88485318716794,59.989921530265576,63.172727936277134,79.15029164705611,92.92178578500226,-909149.2930999998,41.444140614821194,10.48571613216586,0.05145907214071199,-45.58158000000003,65,1,216528.08494242863,-50630.01505757135,93,109600,False,214586.40000000002,-52571.69999999995
2021-12-07 03:00:00+09:00,1145.621,1150.481,1137.534,1145.19,32305.2874,18.75263311904564,-1.9027000000021417,-22.558033119049924,-1.9027000000021417,39.87971999999991,-48.76200000000017,-11.686010570492726,-23.66846853020401,11.982457959711283,50.74196014874752,60.60088629957399,61.655379719070034,76.54490765067888,85.231733099245,-941454.5804999998,39.40863057090538,10.327666559523884,0.0554876957475956,-41.78242000000023,66,1,216465.18958202703,-50692.91041797295,93,109200,False,214519.0,-52639.09999999998
2021-12-07 04:00:00+09:00,1147.182,1158.185,1144.179,1152.81,12919.2251,3.526916742670437,-2.9072000000019216,-9.34131674267428,-2.9072000000019216,30.53984000000014,-55.29600000000005,-8.879306532556711,-20.71063613067455,11.83132959811784,52.370427249563846,68.15828282311035,62.91636355098327,99.99999999999999,85.23173309924499,-928535.3553999998,37.594156958697845,3.2170583713361802,0.045568572256488804,-33.447040000000015,67,1,217178.92332456325,-49979.17667543673,94,108800,False,215281.0,-51877.09999999998
2021-12-07 05:00:00+09:00,1153.136,1166.929,1143.473,1144.901,12118.9633,-0.35190982521362457,-7.1422000000018215,-13.932490174790019,-7.1422000000018215,24.004300000000057,-59.315000000000055,-7.2100505879338925,-18.01051902212642,10.800468434192528,50.50413319457826,64.67231432057146,64.47716114775189,0.0,58.848302550226286,-940654.3186999997,36.584288604505154,3.3951450873941225,0.04251676785923353,-31.14650000000006,68,1,216435.37590168006,-50722.724098319915,94,108400,False,214490.1,-52667.99999999997
2021-12-07 06:00:00+09:00,1145.809,1207.999,1145.809,1193.107,42888.0931,16.66380876255448,-20.529600000001892,-57.723008762558266,-20.529600000001892,0.5610799999999472,-60.869500000000016,-1.97457028274016,-14.803329274249169,12.828758991509009,59.887135734073595,66.47999034903289,66.43686249757151,100.0,66.66666666666666,-897766.2255999998,38.478125132754776,18.59670438127822,-0.0160760668693527,-21.09068000000002,69,0,220984.20006264801,-46173.89993735196,94,108400,False,219310.7,-47847.399999999965
2021-12-07 07:00:00+09:00,1195.385,1223.941,1195.385,1208.028,102293.908,12.164500827687107,-40.855800000001864,-93.87610082769083,-40.855800000001864,-33.71900000000005,-86.16800000000012,3.3400831789670065,-11.174646783605933,14.51472996257294,62.27124879766872,65.00172184395205,65.38467550451874,100.0,66.66666666666667,-795472.3175999997,37.932116194700875,26.510150413844457,-0.017331285243648464,-7.136799999999994,70,0,222392.17843268087,-44765.92156731911,94,108400,False,220802.8,-46355.29999999999
2021-12-07 08:00:00+09:00,1207.881,1216.765,1194.646,1212.467,70206.6297,32.821528757251144,-23.442900000001828,-79.7073287572548,-23.442900000001828,-30.844700000000103,-75.10849999999982,7.820030099917631,-7.37571140690122,15.195741506818852,62.976258950419805,82.06356245759754,71.18175821686077,100.0,100.0,-725265.6878999997,36.80260789507939,28.1322143786265,-0.026648715701590886,7.401800000000094,1,0,222811.05223367113,-44347.04776632885,94,108400,False,221246.7,-45911.399999999965
2021-12-07 09:00:00+09:00,1210.199,1225.233,1195.307,1207.85,76859.6356,33.108375853417556,-16.999400000001515,-67.10717585342059,-16.999400000001515,-37.197580000000244,-64.73949999999991,10.87253517929571,-3.7260620896618337,14.598597268957544,61.68514974692623,82.02119193518631,76.36215874557858,89.64804213196085,96.54934737732027,-802125.3234999997,36.31142161685943,25.053887926709553,-0.01700666525211081,20.198180000000093,2,0,222375.38196127373,-44782.71803872625,94,108400,False,220785.0,-46373.09999999998
2021-12-07 10:00:00+09:00,1207.002,1231.9,1188.916,1195.74,49235.772,8.210530413719425,-6.969600000001492,-22.14973041372241,-6.969600000001492,-39.47878000000014,-43.194499999999834,12.174155567078515,-0.5460185583137638,12.720174125392278,58.30849319825118,74.15928007868096,79.41467815715488,0.0,63.216014043986945,-851361.0954999997,36.788034358512334,7.59006520686051,0.005135151325554643,32.509180000000015,3,0,221232.65573239513,-45925.44426760485,94,108400,False,219574.0,-47584.09999999998
2021-12-07 11:00:00+09:00,1195.624,1201.952,1170.006,1174.23,34309.069,41.44253062429539,13.68399999999815,-14.074530624299086,13.68399999999815,-16.987200000000257,-18.765499999999975,11.339309368707973,1.8310470270905834,9.508262341617389,52.78173022716689,47.85383187778959,68.01143463055224,0.0,29.882680710653613,-885670.1644999997,36.442174761475734,13.879265312148561,0.017749816177854538,30.6712,4,0,219202.92483370157,-47955.1751662984,94,108400,False,217423.0,-49735.09999999998
2021-12-07 12:00:00+09:00,1174.448,1192.587,1172.55,1187.448,37363.023,40.65803392705266,12.978499999998348,-14.70103392705596,12.978499999998348,-15.122900000000072,-15.35499999999979,11.610432040996557,3.786924029871778,7.823508011124779,55.568735041444675,31.00098032779096,51.00469742808713,27.338240834231485,9.112746944743824,-848307.1414999997,35.27037656422747,13.83976696352716,0.028670009006157016,28.101400000000012,5,0,220450.20437897966,-46707.89562102032,94,108400,False,218744.8,-48413.29999999999
2021-12-07 13:00:00+09:00,1187.394,1194.0,1176.24,1180.995,53107.9001,27.5432419428912,4.13259999999832,-19.27804194289456,4.13259999999832,-19.16820000000007,-6.435999999999694,11.175768242464983,5.264692872390419,5.911075370074564,53.896232977320246,17.58651888712947,32.14711036423663,12.517693316370668,13.285311383534046,-901415.0415999996,34.01963538106836,11.705320971446413,0.03054096207519308,23.300799999999754,6,1,219841.2851093716,-47316.81489062839,94,108000,False,218099.5,-49058.59999999998
2021-12-07 14:00:00+09:00,1180.995,1191.59,1180.995,1187.652,11310.8041,13.347682345061003,-1.0795000000016444,-15.506682345064291,-1.0795000000016444,-22.051660000000084,-7.608499999999822,11.238903235154112,6.459534944943157,4.779368290210955,55.387961505062464,24.815006301095295,24.467501838671865,47.15655966306551,29.004164604555882,-890104.2374999997,32.34644713956348,7.2135911725313795,0.0426315034283512,20.972160000000258,7,1,220471.70897651167,-46686.39102348831,95,107600,False,218765.2,-48392.899999999965
2021-12-07 15:00:00+09:00,1187.59,1201.912,1186.633,1201.912,19650.5979,10.518283400480641,-7.825100000001612,-26.168483400483865,-7.825100000001612,-31.16984000000025,-15.58849999999984,12.297839161219372,7.6271957881984,4.6706433730209715,58.48657628070752,48.713123362337285,30.371549516853975,100.0,53.22475099314539,-870453.6395999996,31.127343772451802,9.171691700241105,0.07316587921125417,23.34474,8,1,221826.9465124271,-45331.15348757288,95,107200,False,220191.2,-46966.899999999965
2021-12-07 16:00:00+09:00,1202.949,1210.15,1193.201,1195.449,17207.9133,3.501952540068487,-10.98430000000144,-25.470552540071367,-10.98430000000144,-40.0146000000002,-22.99149999999986,12.471776548749403,8.596111940308601,3.875664608440802,56.568826240479055,63.09547257777714,45.541200747069865,58.2220781000556,68.45954592104037,-887661.5528999997,30.11460493156239,7.243126270034999,0.05709566766074814,29.030299999999897,9,1,221210.56698105557,-45947.53301894441,95,106800,False,219544.90000000002,-47613.19999999995
2021-12-07 17:00:00+09:00,1195.986,1224.0,1191.808,1222.497,31878.1145,18.330748131201517,-10.203000000001339,-38.736748131204195,-10.203000000001339,-47.25998000000004,-24.204999999999927,14.623598985717535,9.801609349390388,4.821989636327148,62.160781015807544,85.87646650866645,65.89502081626024,100.0,86.07402603335186,-855783.4383999996,30.26299029359365,14.266874065601412,0.04534411817302231,37.05697999999984,10,1,223799.19854601868,-43358.90145398129,96,106400,False,222249.7,-44908.399999999965
2021-12-07 18:00:00+09:00,1222.496,1232.345,1217.0,1218.2,22312.2275,7.032551602125295,-19.530500000001666,-46.09355160212863,-19.530500000001666,-64.84726000000046,-40.97350000000006,15.800068427949327,11.001301165102175,4.798767262847152,60.821009961645444,76.73611986764026,75.23601965136123,80.21841491513908,79.48016433839821,-878095.6658999997,29.197419558336964,13.281525801063443,0.0496725887255689,45.31676000000016,11,1,223386.54775329505,-43771.55224670493,96,106000,False,221820.0,-45338.09999999998
2021-12-07 19:00:00+09:00,1219.016,1258.092,1218.902,1240.538,75631.8287,9.09175355599632,-22.777800000001662,-54.64735355599964,-22.777800000001662,-79.08548000000042,-31.113000000000056,18.323694704023183,12.465779872886376,5.8579148311368066,65.03948571346503,81.58054286861908,81.39770974830854,100.00000000000001,93.40613830504635,-802463.8371999997,29.9613181613129,15.93477677799899,0.034980027304444605,56.30767999999989,12,1,225539.05202493607,-41619.047975063906,96,105600,False,224053.8,-43104.29999999999
2021-12-07 20:00:00+09:00,1243.188,1333.998,1243.044,1296.793,157917.6749,14.59326872624547,-53.82560000000194,-122.24446872624935,-53.82560000000194,-127.58252000000039,-53.009500000000116,24.5796560917845,14.888555116666002,9.691100975118498,72.94107406167969,73.9076399134936,77.40810088325092,100.0,93.40613830504635,-644546.1622999997,34.4969382926477,34.20943436312368,-0.02123435517695693,73.75692000000004,13,1,230977.95947610872,-36180.140523891256,96,105200,True,229679.3,-37478.79999999999
2021-12-07 21:00:00+09:00,1296.2,1302.777,1251.592,1267.837,78916.826,31.05800635328069,-28.011500000001888,-87.08100635328447,-28.011500000001888,-115.51430000000028,-41.673,26.8910599586427,17.28905608506134,9.60200387358136,64.8200952924632,67.5797252935361,74.35596935854954,32.99557904818714,77.66519301606239,-723462.9882999997,35.688942700315714,29.5347531766413,0.007036225124743334,87.50279999999998,14,1,228169.47223520736,-38988.62776479262,97,104800,True,226783.7,-40374.399999999965
2021-12-07 22:00:00+09:00,1266.404,1295.999,1256.893,1280.563,57505.7541,40.631579651418406,-15.659800000001724,-71.95117965142185,-15.659800000001724,-113.69746000000009,-40.934499999999844,29.410717575598483,19.71338838316877,9.697329192429713,66.58112268478915,60.54419674962443,67.34385398555132,47.52543118255812,60.173670076915094,-665957.2341999997,35.93301822172173,28.14568982571002,0.00020767799604770598,98.03765999999996,15,1,229407.8016921212,-37750.29830787878,97,104400,True,228056.30000000002,-39101.79999999996
2021-12-07 23:00:00+09:00,1278.971,1288.97,1271.273,1281.874,13627.0253,31.147448310097616,-6.60050000000183,-44.348448310101276,-6.60050000000183,-116.49592000000007,-44.6099999999999,31.154224625058305,22.001555631546676,9.152668993511629,66.76568948457812,54.17029059723503,60.76473754679847,23.957631800367757,34.82621401037101,-652330.2088999997,34.630445491598756,18.87397415504968,0.0065294943265087335,109.89542000000006,16,1,229535.78073572807,-37622.31926427191,97,104000,True,228187.40000000002,-38970.69999999995
2021-12-08 00:00:00+09:00,1280.243,1307.14,1279.796,1285.505,27881.6585,7.646749485523969,-10.953600000002098,-29.553949485528165,-10.953600000002098,-128.68870000000038,-57.956500000000005,32.45483869942086,24.092212245121512,8.362626454299349,67.30428264867373,51.908301651300235,55.54092966605318,30.58975311728605,34.02427203340398,-624448.5503999997,34.109985099341706,9.300174742763003,-0.020024296400213082,117.73509999999987,17,1,229891.3698340727,-37266.73016592726,98,103600,True,228550.5,-38607.59999999998
2021-12-08 01:00:00+09:00,1287.37,1290.096,1260.383,1269.829,19672.856,15.856240323506427,1.8820999999979904,-12.092040323510446,1.8820999999979904,-108.75354000000038,-36.34550000000036,31.853475496150168,25.644464895327243,6.209010600822925,62.58841299601122,44.74256362095381,50.27371862316297,0.0,18.182461639217937,-644121.4063999997,33.79591473510301,6.987070161754261,0.0060560472022580525,110.63563999999997,18,1,228351.31863744653,-38806.78136255345,98,103200,True,226982.9,-40175.19999999998
2021-12-08 02:00:00+09:00,1270.501,1281.966,1257.497,1276.821,10802.3317,19.839218404158373,9.186899999998104,-1.4654184041621647,9.186899999998104,-100.11802000000012,-30.83750000000009,31.577085801323847,26.830989076526564,4.746096724797283,63.80656027725241,39.72506077291257,45.45864201505548,25.830808969739834,18.80685402900863,-633319.0746999998,33.1297065397385,5.326159202080098,-0.021464971719773684,109.30492000000004,19,0,229040.43348670026,-38117.666513299715,98,103200,False,227682.09999999998,-39476.0
2021-12-08 03:00:00+09:00,1275.689,1283.399,1267.624,1280.829,7217.9878,14.147340662836768,3.4600999999977375,-7.227140662841293,3.4600999999977375,-103.04542000000038,-33.289000000000215,31.320414834706753,27.728874228162603,3.59154060654415,64.51972784997308,39.83024040439536,41.43262159942052,40.95352493195959,22.26144463389981,-626101.0868999998,31.890084644042883,5.343620331419505,-0.011089525340212791,106.50551999999993,20,0,229435.452410586,-37722.64758941397,98,103200,False,228082.9,-39075.19999999998
2021-12-08 04:00:00+09:00,1278.259,1295.092,1265.788,1290.299,5404.3512,14.315148328967325,0.2165999999979249,-13.881948328971475,0.2165999999979249,-105.38358000000039,-34.31899999999996,31.517833139098684,28.48666601034982,3.0311671287488657,66.2137113144563,50.91181242174391,43.489037866350564,76.87443855447302,47.886257485390814,-620696.7356999997,31.70536431232554,7.0492741644846735,-0.02250657343145024,105.60017999999991,21,0,230368.79303164332,-36789.30696835666,98,103200,False,229029.9,-38128.19999999998
2021-12-08 05:00:00+09:00,1292.547,1292.547,1252.373,1260.269,15539.2426,23.412419384677605,3.149399999997968,-17.11361938468167,3.149399999997968,-95.22452000000044,-26.338999999999942,28.917772458618174,28.57288730000349,0.3448851586146837,56.93125308069026,43.85297893066007,44.86501058559973,0.0,39.27598782881087,-636235.9782999997,32.31026686144514,10.131509692339854,0.006122869042051615,98.37392,22,0,227409.10783097259,-39748.99216902739,98,103200,False,226026.9,-41131.19999999998
2021-12-08 06:00:00+09:00,1259.474,1292.815,1257.699,1277.566,12302.226,21.325153923766266,1.8997999999978674,-17.52555392377053,1.8997999999978674,-95.39028000000053,-17.760500000000093,27.93095827922616,28.444501495848023,-0.5135432166218621,60.376848083822395,47.84437285379338,47.5363880687324,37.11942371685954,37.99795409044418,-623933.7522999997,32.510676371341916,9.712676961884211,-0.019157577154818695,97.29008000000022,23,0,229113.85891042656,-38044.24108957342,98,103200,False,227756.6,-39401.49999999997
2021-12-08 07:00:00+09:00,1278.259,1278.259,1246.626,1249.99,19975.7822,38.54566451800656,9.348099999997885,-19.84946451801079,9.348099999997885,-80.55230000000051,-4.94600000000014,24.639716876235525,27.683544571925523,-3.0438276956899983,53.08527500768655,28.132761926046868,39.94337123683338,0.0,12.373141238953176,-643909.5344999997,32.44798520196035,14.598782259004357,-0.015822579072262144,89.90039999999976,24,0,226396.03409878165,-40762.06590121833,98,103200,False,224999.0,-42159.09999999998
2021-12-08 08:00:00+09:00,1249.989,1276.0,1247.212,1266.781,16117.5519,35.22540572816638,7.374999999997954,-20.47540572817047,7.374999999997954,-77.5566200000003,7.059500000000071,23.11976743655623,26.770789144851665,-3.651021708295435,56.52791228667567,35.83352034780869,37.27021837588292,26.22275188412125,21.11405853366026,-627791.9825999998,32.18655768753461,13.925202864084165,-0.023960948576472463,84.93161999999984,25,0,228050.91502467115,-39107.184975328826,98,103200,False,226678.09999999998,-40480.0
2021-12-08 09:00:00+09:00,1266.301,1266.38,1231.914,1261.898,15736.5234,32.13033534647411,14.153799999998,-3.8227353464781118,14.153799999998,-63.16044000000011,24.244500000000016,21.27592365975306,25.671816047831946,-4.3958923880788845,55.25800464387359,32.586935006708934,32.184405760188106,29.79781747368122,18.67352311926749,-643528.5059999997,32.378017852710705,8.98826767323806,-0.014711286479688335,77.31423999999993,26,0,227569.65818701297,-39588.441812987,98,103200,False,226189.8,-40968.29999999999
2021-12-08 10:00:00+09:00,1259.891,1279.031,1254.394,1268.033,24066.0914,16.143116447717603,-1.8589000000022224,-19.860916447722047,-1.8589000000022224,-78.88398000000029,3.431999999999789,20.078257753029675,24.553104388871493,-4.474846635841818,56.57787946923677,50.042528554534954,39.48766130301747,47.89919027186271,34.63991987655506,-619462.4145999997,31.82508800608851,9.001008223859953,0.016266097750194053,77.02507999999989,27,0,228174.3091595776,-38983.790840422385,98,103200,False,226803.3,-40354.79999999999
2021-12-08 11:00:00+09:00,1268.393,1277.594,1253.55,1253.551,18137.3207,8.786370007344203,-5.5214000000021315,-19.829170007348466,-5.5214000000021315,-74.87246000000027,4.5724999999997635,17.7558442049924,23.193652352095675,-5.437808147103276,52.630967754014236,51.48786192357377,44.70577516160583,0.0,25.899002581847977,-637599.7352999997,31.269296005653622,7.153885003673135,0.042767134229361625,69.35105999999996,28,1,226746.9977684316,-40411.102231568366,98,102800,False,225355.09999999998,-41803.0
2021-12-08 12:00:00+09:00,1253.359,1263.279,1229.429,1230.52,15943.4362,37.38396816372847,9.802599999997938,-17.778768163732593,9.802599999997938,-53.30466000000024,14.055499999999938,13.89671285875238,21.334264453427018,-7.437551594674638,47.013942766108066,35.8096970431125,45.78002917374035,0.0,15.96639675728757,-653543.1714999997,31.453632005249784,13.790684081865304,0.04725993934462147,63.10725999999977,29,1,224469.76827748568,-42688.3317225143,99,102400,False,223052.0,-44106.09999999998
2021-12-08 13:00:00+09:00,1233.121,1245.949,1231.985,1237.138,17847.9421,39.882706700013614,11.260999999997921,-17.360706700017772,11.260999999997921,-43.5148800000004,21.44249999999988,11.242741429547095,19.315959848651033,-8.073218419103938,48.70794413773332,21.22102473998359,36.17286123555656,17.712385853317986,5.904128617772662,-635695.2293999997,30.309015433446234,14.310853350007836,0.026927581441481108,54.775879999999916,30,0,225126.28562499763,-42031.814375002345,99,102400,False,223713.8,-43444.29999999999
2021-12-08 14:00:00+09:00,1237.474,1254.335,1225.0,1243.603,15750.6399,33.2037879313134,6.901499999998123,-19.400787931317154,6.901499999998123,-42.00332000000026,20.741999999999962,9.551023171001361,17.3629725131211,-7.811949342119739,50.37696559696527,17.390484869034655,24.807068884043527,35.163583106494634,17.625322986604207,-619944.5894999998,30.23944290248579,13.151143965657665,-0.01034471552641647,48.90481999999997,31,0,225767.6251009216,-41390.47489907837,99,102400,False,224360.3,-42797.79999999999
2021-12-08 15:00:00+09:00,1245.0,1289.0,1243.619,1289.0,9487.2375,25.601668003201212,-15.547100000001592,-56.695868003204396,-15.547100000001592,-65.48723999999993,-5.899999999999864,11.738172419479724,16.238012494392827,-4.499840074913102,60.176302745188984,49.99064884091758,29.534052816645218,100.0,50.95865631993754,-610457.3519999997,31.32212555230823,20.574384001601373,-0.037332710987357354,49.94013999999993,32,-1,230271.08808445133,-36887.011915548646,98,102800,False,228900.0,-38258.09999999998
2021-12-08 16:00:00+09:00,1288.548,1317.708,1280.9,1309.557,50375.0426,25.513212002662158,-37.340400000001864,-100.19401200266589,-37.340400000001864,-94.43876000000023,-29.265499999999975,14.957857187723675,15.981981433058996,-1.0241242453353205,63.67448496639785,75.21270433174982,47.531279347233955,100.0,78.3878610354982,-560082.3093999997,31.713973727143355,31.42680600133199,-0.046557180532246445,57.09835999999996,33,-1,232303.99976618297,-34854.10023381701,98,103200,False,230955.7,-36202.399999999965
2021-12-08 17:00:00+09:00,1307.776,1315.0,1285.0,1291.559,18196.0396,31.30462321189475,-25.828600000001643,-82.96182321189804,-25.828600000001643,-91.30952000000025,-29.961499999999887,15.87420443135943,15.960426032719083,-0.08622160135965196,58.80415838288613,87.66737138830156,70.9569081869896,67.45856882183577,89.15285627394526,-578278.3489999997,31.5915470323474,28.56661160594816,-0.029048681379969743,65.48091999999997,34,0,230529.64875451126,-36628.451245488715,98,103200,False,229155.9,-38002.19999999998
2021-12-08 18:00:00+09:00,1292.664,1310.0,1270.87,1271.373,27241.7699,35.14533689888458,-9.416600000001608,-53.978536898887796,-9.416600000001608,-78.2133200000003,-20.396499999999833,14.800958489121513,15.728532523999569,-0.9275740348780559,53.830963257295835,71.0075362068717,77.96253730897429,25.974751864399437,64.47777356207841,-605520.1188999997,32.13000795860831,22.28096844944311,0.01772065248715715,68.79672000000028,35,0,228539.59155251077,-38618.50844748921,98,103200,False,227137.3,-40020.79999999999
2021-12-08 19:00:00+09:00,1271.373,1296.499,1217.199,1230.87,60521.632,75.0249106910644,21.62279999999805,-31.779310691068304,21.62279999999805,-41.728120000000445,13.189499999999953,10.560415845041916,14.694909188208038,-4.134493343166122,45.51352574248082,45.138832375439144,67.9379133235374,0.0,31.144440228745072,-666041.7508999996,35.499293104422,26.701055345533177,0.04937662331644288,63.35092000000009,36,1,224546.56238117287,-42611.537618827104,98,102800,False,223087.0,-44071.09999999998
2021-12-08 20:00:00+09:00,1230.851,1250.934,1209.27,1242.61,52804.4197,97.80841479905575,39.09179999999833,-19.624814799059095,39.09179999999833,-10.90816000000018,39.93650000000025,8.05423097181665,13.36677354492976,-5.3125425731131095,48.02052867539848,31.455980340158703,49.200782974156446,13.804353074126542,13.25970164617533,-613237.3311999997,35.939629311249,29.358307399528666,0.02735302981084975,49.999959999999874,37,0,225707.77732861246,-41450.32267138752,98,102800,False,224261.0,-42897.09999999998
2021-12-08 21:00:00+09:00,1242.61,1251.3,1230.0,1251.3,32008.7116,59.990201533030586,16.892399999998133,-26.20540153303432,16.892399999998133,-17.404700000000275,29.388500000000022,6.692129080009636,12.031844651945736,-5.3397155719361,49.85956617897883,28.033215187403997,34.87600930100054,32.70002680899825,15.501459961041602,-581228.6195999996,34.893941503302635,21.548900766516258,0.024182158902417483,34.2971,38,0,226567.3137760784,-40590.786223921576,98,102800,False,225130.0,-42028.09999999998
2021-12-08 22:00:00+09:00,1250.0,1260.0,1241.4,1255.1,26838.8213,26.454281937230917,-0.4494000000017877,-27.353081937234492,-0.4494000000017877,-23.924580000000105,19.338500000000067,5.851825557027041,10.795840832961996,-4.944015275934955,50.68127708968758,38.66524804584305,32.718147857801846,62.13153195322437,36.211970612116396,-554389.7982999997,33.73008853878101,13.451840968616352,0.028935418905546628,23.47517999999991,39,0,226943.1755137505,-40214.92448624948,98,102800,False,225510.0,-41648.09999999998
2021-12-08 23:00:00+09:00,1253.499,1304.02,1246.328,1294.309,55128.115,22.50802889326428,-20.336200000001554,-63.18042889326739,-20.336200000001554,-45.471880000000056,-5.135499999999865,8.2545641010488,10.287585486579356,-2.0330213855305566,58.278838360316534,58.333662687184194,41.67737530681034,100.0,64.94385292074088,-499261.6832999997,35.4416536431538,21.42211444663287,-0.0015886945001608588,25.135679999999866,40,1,230821.3762696414,-36336.723730358586,99,102400,True,229430.9,-37727.19999999998
2021-12-09 00:00:00+09:00,1295.399,1310.0,1288.001,1294.803,30740.8053,13.343569168940348,-31.37610000000177,-76.09576916894389,-31.37610000000177,-66.10994000000028,-28.96199999999999,10.082389865156529,10.24654636229479,-0.16415649713826141,58.36586211783609,73.38730772834124,56.79540615378942,100.0,87.37717731774147,-468520.8779999997,34.48146409721424,22.359834584471034,-0.002324663260566684,34.73383999999987,41,0,230870.39096387377,-36287.70903612621,99,102400,False,229480.30000000002,-37677.79999999996
2021-12-09 01:00:00+09:00,1295.282,1298.93,1272.966,1277.555,19640.333,25.85117165768247,-11.334600000001274,-48.52037165768502,-11.334600000001274,-49.94553999999994,-15.909499999999753,10.023639226036721,10.201964935043176,-0.1783257090064545,54.1211799765575,78.03593586792235,69.91896876114919,50.0995242607463,83.36650808691545,-488161.21099999966,33.87307380455609,18.592885828841844,0.01037837938329278,38.6109399999998,42,0,229159.04390695092,-37999.05609304906,99,102400,False,227755.5,-39402.59999999998
2021-12-09 02:00:00+09:00,1281.199,1284.995,1278.4,1282.309,7049.8797,28.12629239359262,-0.8823000000013508,-29.890892393595323,-0.8823000000013508,-42.96848000000023,-11.484000000000151,10.24261648340962,10.210095244716465,0.03252123869315504,55.090636388617895,67.99699830269647,73.14008063298661,57.3792766008692,69.15960028720518,-481111.33129999967,31.984997104230644,14.504296196797014,-0.0060821132362067765,42.08618000000001,43,0,229630.73592391584,-37527.36407608414,99,102400,False,228230.9,-38927.19999999998
2021-12-09 03:00:00+09:00,1282.062,1297.943,1276.936,1292.499,3817.0124,14.92321259361438,0.8554999999987558,-13.212212593616869,0.8554999999987558,-45.8910800000001,-17.226000000000113,11.110332380400905,10.390142671853352,0.7201897085475526,57.179304584952284,63.86389387297826,69.96560934786562,72.04602150665663,59.84160745609072,-477294.31889999966,31.200854453928457,7.0338562968078415,-0.0030732480739814605,46.746579999999994,44,0,230641.78801749446,-36516.31198250552,99,102400,False,229249.90000000002,-37908.19999999995
2021-12-09 04:00:00+09:00,1292.499,1301.366,1289.915,1292.256,3209.6728,5.691696406100164,-7.756100000001425,-21.203896406103013,-7.756100000001425,-51.16424000000006,-25.427000000000135,11.644168682825466,10.640947874047775,1.0032208087776908,57.111091171290006,61.41173425838996,64.42420881135483,70.43898919205957,66.62142909986181,-480503.99169999966,29.79015056436214,6.723898203050843,-0.0033043478260870174,43.40814,45,0,230617.6775504935,-36540.42244950647,99,102400,False,229225.6,-37932.49999999997
2021-12-09 05:00:00+09:00,1292.268,1295.641,1286.18,1291.8,5716.1977,8.757655641580186,-3.626700000001165,-16.011055641582516,-3.626700000001165,-43.50204000000008,-20.697000000000116,11.89334335073272,10.891426969384764,1.0019163813479572,56.97373478491734,63.63933113214955,62.971653087839194,93.27791289240999,78.58764119704209,-486220.1893999997,28.338068381193416,6.192177820790711,-0.021639653347969467,39.87534000000005,46,0,230572.43321735592,-36585.66678264405,99,102400,False,229180.0,-37978.09999999998
2021-12-09 06:00:00+09:00,1291.8,1292.631,1281.938,1290.953,11661.6626,10.405608443877554,2.678899999998521,-5.047808443880513,2.678899999998521,-37.113180000000284,-24.44800000000032,11.885462040964967,11.090233983700804,0.795228057264163,56.7009488484834,58.5934497988167,61.214838396452,77.0975716818785,80.27149125544936,-497881.85199999966,27.077706353965315,3.8633542219394896,,39.79208000000017,47,0,230488.39385295348,-36669.7061470465,99,102400,False,229095.3,-38062.79999999999
2021-12-09 07:00:00+09:00,1288.54,1290.182,1272.646,1274.557,7504.0512,20.89507570570572,6.998999999998659,-6.897075705708403,6.998999999998659,-28.649560000000065,-18.5775000000001,10.43589734481111,10.959366655922866,-0.5234693111117554,51.555088389107596,43.44899265388786,55.22725786161797,0.0,56.79182819142951,-505385.90319999965,26.45122732868208,6.948037852853495,,35.64856000000009,48,0,228861.58226057712,-38296.51773942285,99,102400,False,227455.7,-39702.399999999965
2021-12-09 08:00:00+09:00,1275.35,1289.102,1274.186,1288.539,6566.9065,19.290461158477456,5.976999999998725,-7.336461158480006,5.976999999998725,-26.97091999999998,-18.80750000000012,10.296644123097394,10.82682214935777,-0.5301780262603764,55.2821348938304,39.78927342860115,47.27723862710184,67.0814369761495,48.05966955267601,-498818.99669999967,25.627282519490514,6.656730579239413,,32.94792000000007,49,0,230248.87670340503,-36909.22329659495,99,102400,False,228853.9,-38304.19999999998
2021-12-09 09:00:00+09:00,1289.958,1298.0,1282.941,1288.0,13532.0842,8.840369135356013,-3.700700000001234,-16.24176913535848,-3.700700000001234,-34.197979999999916,-21.763999999999896,10.027204771349034,10.666898673756023,-0.6396939024069894,55.10613163064332,40.850045070254666,41.36277038424783,65.53376954587321,44.205068840674244,-512351.08089999965,24.872405196669764,6.270534567678584,,30.497280000000046,50,0,230195.3971078762,-36962.70289212378,99,102400,False,228800.0,-38358.09999999998
2021-12-09 10:00:00+09:00,1287.791,1288.568,1264.438,1264.438,10178.7648,25.195744842423437,4.794399999998404,-15.606944842426628,4.794399999998404,-19.19105999999988,-3.4515000000001237,7.822245680704782,10.097968075145776,-2.2757223944409937,47.92337173054715,38.632078496438446,39.757132331764694,0.0,44.205068840674244,-522529.84569999966,24.81937625405049,10.20067242121257,,23.985460000000103,51,0,227857.57478904407,-39300.52521095591,99,102400,False,226443.80000000002,-40714.29999999996
